{
    "SD (480p)": {
        "resolution": "640x480",
        "pixels": 307200,
        "single_cpu": 5.305215120315552,
        "multi_cpu": 1.5501735210418701
    },
    "HD (720p)": {
        "resolution": "1280x720",
        "pixels": 921600,
        "single_cpu": 15.749351978302002,
        "multi_cpu": 2.8213894367218018
    },
    "FHD (1080p)": {
        "resolution": "1920x1080",
        "pixels": 2073600,
        "single_cpu": 36.52899932861328,
        "multi_cpu": 5.798649311065674
    },
    "QHD (1440p)": {
        "resolution": "2560x1440",
        "pixels": 3686400,
        "single_cpu": 68.91722273826599,
        "multi_cpu": 9.640438318252563
    }
}